LIEU_IDENTIFIANT,LIEU_LIBELLE,LIEU_MNEMONIQUE,LATITUDE,LONGITUDE,DCSMM_SOUS_REGION,QUADRIGE_ZONEMARINE,DCE_MASSE_EAU,PROGRAMME,TAXON_PRESENT
39097005,"111-P-126 - 20A03 - Cortiou 3",111-P-126,43.2114835182,5.4025756402,"DCSMM sous-région Méditerranée-Occidentale","111 - Marseille et calanques","FRDC07A - iles de Marseille hors Frioul",RINBIO,
37087034,"104-P-031 - 09B - Etang de thau nord",104-P-031,43.4339712986,3.6518704953,,"104 - Etang de Thau","FRDT10 - Etang de Thau",RINBIO,
37087035,"104-P-032 - 09A - Etang de thau sud",104-P-032,43.372969125,3.5638699237,,"104 - Etang de Thau","FRDT10 - Etang de Thau",RINBIO,
60004747,"122-P-139 - 50E - Canari",122-P-139,42.8069704284852,9.32623013478172,"DCSMM sous-région Méditerranée-Occidentale","122 - Corse Ouest","FREC01D - Canari",RINBIO,
41108005,"114-P-007 - 28C - ile st honorat",114-P-007,43.4975052332,7.0467705285,"DCSMM sous-région Méditerranée-Occidentale","114 - Cannes - Menton","FRDC08E - Pointe de la Galère - Cap d'Antibes",RINBIO,
43113002,"117-P-002 - 32B - Fium alto",117-P-002,42.4630053159,9.5616733618,"DCSMM sous-région Méditerranée-Occidentale","117 - Plaine Orientale","FREC02D - Plaine Orientale",RINBIO,
36086336,"101-P-006 - GRU - Gruissan",101-P-006,43.1096254559,3.0825322118,,"101 - Etangs gruissanais","FRDT06A - Complexe du Narbonnais Gruissan","REPHY,RINBIO,RSLHYD",
60004934,"115-P-033 - Bastia Sud Marana STEP",115-P-033,42.61848,9.49948,"DCSMM sous-région Méditerranée-Occidentale","115 - Cap Corse - Bastia","FREC02C - Littoral Bastiais",RINBIO,
40105001,"113-P-033 - 26A - St tropez",113-P-033,43.2861632493,6.6157654157,"DCSMM sous-région Méditerranée-Occidentale","113 - Giens - Estérel","FRDC08B - Ouest Fréjus - Saint Raphaël",RINBIO,
36081019,"095-P-019 - 02C - Barcares 1",095-P-019,42.7849517855,3.0572043438,"DCSMM sous-région Méditerranée-Occidentale","095 - Littoral de l'embouchure du Tech au Grau d'Agde","FRDC02A - Racou Plage - Embouchure de l'Aude","RINBIO,ROCCHSED",
60004744,"117-P-031 - Poggio-Mezzana",117-P-031,42.4071001810501,9.55009957754979,"DCSMM sous-région Méditerranée-Occidentale","117 - Plaine Orientale","FREC02D - Plaine Orientale",RINBIO,
60004078,"122-P-121 - Revellata SM",122-P-121,42.5799004224502,8.72920036210019,"DCSMM sous-région Méditerranée-Occidentale","122 - Corse Ouest","FREC01AB - Pointe Palazzu - Sud Nonza",RINBIO,
37089013,"105-P-158 - 11C - Etang d ingrill",105-P-158,43.4456394685,3.7788727456,,"105 - Etangs Palavasiens","FRDT11C - Etangs Palavasiens Ouest",RINBIO,
60006074,"115-P-034 - Emb. Golu Sud",115-P-034,42.5237004626836,9.54509957754979,"DCSMM sous-région Méditerranée-Occidentale","115 - Cap Corse - Bastia","FREC02C - Littoral Bastiais",RINBIO,
60000808,"104-P-428 - Marseillan est",104-P-428,43.3791299537316,3.57108026554013,,"104 - Etang de Thau","FRDT10 - Etang de Thau","ECOSCOPA,RINBIO",
41108003,"114-P-005 - 28B0 - Cannes est",114-P-005,43.5473402819,7.1127710119,"DCSMM sous-région Méditerranée-Occidentale","114 - Cannes - Menton","FRDC08E - Pointe de la Galère - Cap d'Antibes",RINBIO,
41108006,"114-P-008 - 28D - Réserve marine Cannes",114-P-008,43.5465065691,7.0739368937,"DCSMM sous-région Méditerranée-Occidentale","114 - Cannes - Menton","FRDC08E - Pointe de la Galère - Cap d'Antibes",RINBIO,
43111004,"115-P-006 - 32A03 - Bastia sud 2",115-P-006,42.673008895,9.4535010806,"DCSMM sous-région Méditerranée-Occidentale","115 - Cap Corse - Bastia","FREC02C - Littoral Bastiais",RINBIO,
38094020,"109-P-018 - 16A03 - Plage napoleon",109-P-018,43.3606487948,4.922730093,"DCSMM sous-région Méditerranée-Occidentale","109 - Golfe de Fos","FRDC04 - Golfe de Fos",RINBIO,
42119005,"122-P-100 - 49A0 - Liscu",122-P-100,42.7403411892,9.1683273414,"DCSMM sous-région Méditerranée-Occidentale","122 - Corse Ouest","FREC01AB - Pointe Palazzu - Sud Nonza",RINBIO,
43115001,"120-P-001 - 37A - Etang de palo",120-P-001,41.9469930641,9.4060115073,,"120 - Etang du Palu","FRET04 - Etang de Palu",RINBIO,
60006075,"122-P-148 - Propriano Baraci",122-P-148,41.687407966204,8.90445483806076,"DCSMM sous-région Méditerranée-Occidentale","122 - Corse Ouest","FREC04AC - Pointe Senetosa - Pointe Palazzu",RINBIO,
60004743,"115-P-027 - 31D - Rogliano",115-P-027,42.9747002615168,9.47199959766647,"DCSMM sous-région Méditerranée-Occidentale","115 - Cap Corse - Bastia","FREC02AB - Cap Est de la Corse",RINBIO,
37089376,"105-P-183 - INN - Ingril Nord",105-P-183,43.4498062936,3.7858728044,,"105 - Etangs Palavasiens","FRDT11C - Etangs Palavasiens Ouest","REPHY,RINBIO,RSLHYD",
36081012,"095-P-012 - 02C0 - Barcares2",095-P-012,42.7546177925,3.0537048281,"DCSMM sous-région Méditerranée-Occidentale","095 - Littoral de l'embouchure du Tech au Grau d'Agde","FRDC02A - Racou Plage - Embouchure de l'Aude",RINBIO,
39096001,"111-P-008 - Pomègues",111-P-008,43.2698171359,5.3009059064,"DCSMM sous-région Méditerranée-Occidentale","111 - Marseille et calanques","FRDC06B - Pointe d'Endoume - Cap Croisette et Iles du Frioul",RINBIO,
42117005,"122-P-005 - 44A - Ajaccio sud",122-P-005,41.879819571,8.7788329173,"DCSMM sous-région Méditerranée-Occidentale","122 - Corse Ouest","FREC04B - Golfe d'Ajaccio",RINBIO,
60006071,"102-P-125 - 10E - Grau du roi - Récif limite NE",102-P-125,43.5389418628043,4.06794809897406,"DCSMM sous-région Méditerranée-Occidentale","102 - Côte languedocienne","FRDC02F - Frontignan - Pointe de l'Espiguette",RINBIO,
43116006,"121-P-005 - 41A - ile lavezzi",121-P-005,41.3298124476,9.2560178097,"DCSMM sous-région Méditerranée-Occidentale","121 - Porto Vecchio","FREC03AD - Littoral Sud Est de la Corse",RINBIO,
37089010,"105-P-004 - 12H - Etang d Arnel 3",105-P-004,43.5263090283,3.8963735353,,"105 - Etangs Palavasiens","FRDT11B - Etangs Palavasiens Est",RINBIO,
36081108,"095-P-026 - Embouchure de l'Hérault",095-P-026,43.2756325016,3.4405360127,"DCSMM sous-région Méditerranée-Occidentale","095 - Littoral de l'embouchure du Tech au Grau d'Agde","FRDC02B - Embouchure de l'Aude - Cap d'Agde",RINBIO,
39097002,"111-P-123 - 20A0 - Cortiou 2",111-P-123,43.2083166118,5.3845753381,"DCSMM sous-région Méditerranée-Occidentale","111 - Marseille et calanques","FRDC07A - iles de Marseille hors Frioul","RINBIO,ROCCHSED",
42119003,"122-P-098 - 50B - Nonza",122-P-098,42.7838435724,9.3324967531,"DCSMM sous-région Méditerranée-Occidentale","122 - Corse Ouest","FREC01AB - Pointe Palazzu - Sud Nonza",RINBIO,
42117006,"122-P-006 - 43B0 - Propriano",122-P-006,41.6929831524,8.8665042834,"DCSMM sous-région Méditerranée-Occidentale","122 - Corse Ouest","FREC04AC - Pointe Senetosa - Pointe Palazzu",RINBIO,
41109011,"114-P-063 - 29C03 - Villefranche",114-P-063,43.6738451144,7.3304399497,"DCSMM sous-région Méditerranée-Occidentale","114 - Cannes - Menton","FRDC09C - Port de commerce de Nice - Cap Ferrat",RINBIO,
36083015,"097-P-013 - 04B - Etang de leucate",097-P-013,42.8729532705,3.0233687643,,"097 - Etang de Salses-Leucate","FRDT02 - Salses-Leucate",RINBIO,
37088018,"102-P-021 - 10C - Palavas",102-P-021,43.5139761936,3.9740419479,"DCSMM sous-région Méditerranée-Occidentale","102 - Côte languedocienne","FRDC02F - Frontignan - Pointe de l'Espiguette",RINBIO,
37090363,"105-P-134 - GRC - Grec",105-P-134,43.5373096825,3.9387074905,"DCSMM sous-région Méditerranée-Occidentale","105 - Etangs Palavasiens","FRDT11B - Etangs Palavasiens Est","RINBIO,RSLHYD",
36080006,"094-P-006 - 01A03 - Banyuls 2",094-P-006,42.4626129211,3.1657122055,"DCSMM sous-région Méditerranée-Occidentale","094 - Côte catalane","FRDC01 - Frontière espagnole - Racou Plage",RINBIO,
36080005,"094-P-005 - 01A - Banyuls 1",094-P-005,42.4786131156,3.1523783341,"DCSMM sous-région Méditerranée-Occidentale","094 - Côte catalane","FRDC01 - Frontière espagnole - Racou Plage",RINBIO,
60003025,"120-P-003 - PAL-Palo benthos",120-P-003,41.9467229933615,9.40944779722389,,"120 - Etang du Palu","FRET04 - Etang de Palu",RINBIO,
60006073,"108-P-072 - Vaccares centre",108-P-072,43.5347304365319,4.56345001005835,"DCSMM sous-région Méditerranée-Occidentale","108 - Etangs Camargue Est","FRDT14A - Camargue Complexe Vaccarès",RINBIO,
37089015,"105-P-008 - 12F - Etang d Arnel 1",105-P-008,43.5304756682,3.8845398935,,"105 - Etangs Palavasiens","FRDT11B - Etangs Palavasiens Est",RINBIO,
39099002,"111-P-233 - 21C - Sicie",111-P-233,43.0541507389,5.8167533587,"DCSMM sous-région Méditerranée-Occidentale","111 - Marseille et calanques","FRDC07F - Pointe du Gaou - Pointe Escampobariou",RINBIO,
39097004,"111-P-125 - 18B - ile planier",111-P-125,43.1993149093,5.2265723564,"DCSMM sous-région Méditerranée-Occidentale","111 - Marseille et calanques","FRDC06B - Pointe d'Endoume - Cap Croisette et Iles du Frioul",RINBIO,
37090004,"105-P-071 - 12E - Etang de l or est",105-P-071,43.5803116125,4.0403753454,,"105 - Etangs Palavasiens","FRDT11A - Etang de l'Or",RINBIO,
60004746,"122-P-138 - Cargese Nord",122-P-138,42.17,8.55939951719975,"DCSMM sous-région Méditerranée-Occidentale","122 - Corse Ouest","FREC04AC - Pointe Senetosa - Pointe Palazzu",RINBIO,
60004745,"121-P-027 - Santa Giulia",121-P-027,41.5126000804667,9.29979983906659,"DCSMM sous-région Méditerranée-Occidentale","121 - Porto Vecchio","FREC03AD - Littoral Sud Est de la Corse",RINBIO,
38094014,"109-P-012 - 16A - Balancelle",109-P-012,43.3416483836,4.9225637672,"DCSMM sous-région Méditerranée-Occidentale","109 - Golfe de Fos","FRDC04 - Golfe de Fos",RINBIO,
39099001,"111-P-232 - 21B - Bandol",111-P-232,43.1166515668,5.7625845091,"DCSMM sous-région Méditerranée-Occidentale","111 - Marseille et calanques","FRDC07E - Ilot Pierreplane -  Pointe du Gaou",RINBIO,
60004947,"114-P-178 - Saint Raphael Rejet STEP",114-P-178,43.411307,6.758517,"DCSMM sous-région Méditerranée-Occidentale","114 - Cannes - Menton","FRDC08C - Fréjus - Saint Raphaël - Ouest Sainte Maxime",RINBIO,
41109009,"114-P-061 - 29D - Emb.du var",114-P-061,43.6501764655,7.1737704602,"DCSMM sous-région Méditerranée-Occidentale","114 - Cannes - Menton","FRDC09B - Port Antibes - Port de commerce de Nice",RINBIO,
60002983,"122-P-112 - Goulet de Bonifacio",122-P-112,41.3900301750151,9.1533101991551,"DCSMM sous-région Méditerranée-Occidentale","122 - Corse Ouest","FREC03F - Goulet de Bonifacio",RINBIO,
39097003,"111-P-124 - 20B - Cassis",111-P-124,43.2023177118,5.5135780167,"DCSMM sous-région Méditerranée-Occidentale","111 - Marseille et calanques","FRDC07B - Cap croisette - Bec de l'Aigle","RINBIO,ROCCHSED",
36085007,"100-P-008 - 06F - Etang de bages grau",100-P-008,43.0276233005,3.0381995443,,"100 - Etangs narbonnais","FRDT04 - Complexe du Narbonnais Bages - Sigean",RINBIO,
42118005,"122-P-081 - 45A - Sagone nord",122-P-081,42.0939899451,8.6936611354,"DCSMM sous-région Méditerranée-Occidentale","122 - Corse Ouest","FREC04AC - Pointe Senetosa - Pointe Palazzu",RINBIO,
37090003,"105-P-070 - 12D - Etang de l or ouest",105-P-070,43.5566437813,3.9740411546,,"105 - Etangs Palavasiens","FRDT11A - Etang de l'Or",RINBIO,
39097001,"111-P-122 - 20A - Cortiou 1",111-P-122,43.1966496086,5.3755753668,"DCSMM sous-région Méditerranée-Occidentale","111 - Marseille et calanques","FRDC07A - iles de Marseille hors Frioul",RINBIO,
37090362,"105-P-133 - MEW - Méjean Ouest",105-P-133,43.5443096777,3.9228737176,,"105 - Etangs Palavasiens","FRDT11B - Etangs Palavasiens Est","REPHY,RINBIO,RSLHYD",
39098002,"111-P-218 - 21A0 - La ciotat 2",111-P-218,43.1773185802,5.661581417,"DCSMM sous-région Méditerranée-Occidentale","111 - Marseille et calanques","FRDC07C - Bec de l'Aigle -  Pointe de la Fauconnière",RINBIO,
37089504,"105-P-187 - Etang du Prévost - Centre",105-P-187,43.5223089831,3.9005403577,"DCSMM sous-région Méditerranée-Occidentale","105 - Etangs Palavasiens","FRDT11B - Etangs Palavasiens Est","RINBIO,ROCCHSED",
43116004,"121-P-003 - 40A0 - Santa manza 1",121-P-003,41.4503149059,9.2581827056,"DCSMM sous-région Méditerranée-Occidentale","121 - Porto Vecchio","FREC03AD - Littoral Sud Est de la Corse",RINBIO,
42119004,"122-P-099 - 50C - Fium albino",122-P-099,42.7281756401,9.3258308439,"DCSMM sous-région Méditerranée-Occidentale","122 - Corse Ouest","FREC01AB - Pointe Palazzu - Sud Nonza",RINBIO,
40100013,"112-P-012 - 22C - Toulon pte rade",112-P-012,43.0976525549,5.9104211381,"DCSMM sous-région Méditerranée-Occidentale","112 - Rade de Toulon","FRDC07G - Cap Cepet - Cap de Carqueiranne",RINBIO,
39097007,"111-P-128 - Cap Canaille",111-P-128,43.187332763,5.5528323998,"DCSMM sous-région Méditerranée-Occidentale","111 - Marseille et calanques","FRDC07B - Cap croisette - Bec de l'Aigle",RINBIO,
60004737,"108-P-068 - Etang de Monro - Vaccares sud",108-P-068,43.5045996781332,4.50830014081674,"DCSMM sous-région Méditerranée-Occidentale","108 - Etangs Camargue Est","FRDT14A - Camargue Complexe Vaccarès",RINBIO,
37090001,"105-P-068 - 12A - Etang de Mejean",105-P-068,43.5418097665,3.9373740474,,"105 - Etangs Palavasiens","FRDT11B - Etangs Palavasiens Est",RINBIO,
43111002,"115-P-004 - 32A0 - Bastia sud 1",115-P-004,42.6406750417,9.474002029,"DCSMM sous-région Méditerranée-Occidentale","115 - Cap Corse - Bastia","FREC02C - Littoral Bastiais",RINBIO,
43111003,"115-P-005 - 32C - Emb. golu",115-P-005,42.5435070248,9.5595053744,"DCSMM sous-région Méditerranée-Occidentale","115 - Cap Corse - Bastia",,RINBIO,
60004930,"122-P-146 - Ajaccio Rejet STEP",122-P-146,41.902667,8.695333,"DCSMM sous-région Méditerranée-Occidentale","122 - Corse Ouest","FREC04B - Golfe d'Ajaccio",RINBIO,
37089012,"105-P-006 - 11A - Etang de vic",105-P-006,43.4876409951,3.8422065315,,"105 - Etangs Palavasiens","FRDT11C - Etangs Palavasiens Ouest",RINBIO,
36083017,"097-P-015 - 04A - Etg.salses",097-P-015,42.8199520426,3.0100361445,,"097 - Etang de Salses-Leucate","FRDT02 - Salses-Leucate",RINBIO,
60006792,"114-P-196 - Cannes - Cap de la Croisette",114-P-196,43.5340333936834,7.0475829812915,"DCSMM sous-région Méditerranée-Occidentale","114 - Cannes - Menton","FRDC08E - Pointe de la Galère - Cap d'Antibes",RINBIO,
39096009,"111-P-016 - 19B - Marseille sud",111-P-016,43.2713174216,5.3274064072,"DCSMM sous-région Méditerranée-Occidentale","111 - Marseille et calanques","FRDC06B - Pointe d'Endoume - Cap Croisette et Iles du Frioul",RINBIO,
60008649,"112-P-058 - Toulon gde rade coffre",112-P-058,43.06584902,5.951430034,"DCSMM sous-région Méditerranée-Occidentale","112 - Rade de Toulon","FRDC07F - Pointe du Gaou - Pointe Escampobariou",RINBIO,
60004949,"111-P-350 - Toulon Cap Sicie Rejet STEP",111-P-350,43.0491862804265,5.8488764836049,"DCSMM sous-région Méditerranée-Occidentale","111 - Marseille et calanques","FRDC07F - Pointe du Gaou - Pointe Escampobariou",RINBIO,
36084001,"098-P-001 - 05A - Etang de lapalme",098-P-001,42.954954801,3.0060336003,,"098 - Etang de La Palme","FRDT03 - Etang de La Palme",RINBIO,
42119007,"122-P-102 - 48B - Ile rousse",122-P-102,42.6471708045,8.9741581175,"DCSMM sous-région Méditerranée-Occidentale","122 - Corse Ouest","FREC01AB - Pointe Palazzu - Sud Nonza",RINBIO,
37088020,"102-P-023 - 08B0 - Sete 2",102-P-023,43.3814702922,3.6637050332,"DCSMM sous-région Méditerranée-Occidentale","102 - Côte languedocienne","FRDC02E - De Sète à Frontignan",RINBIO,
40101002,"113-P-002 - 22E - Carqueiranne",113-P-002,43.069153214,6.0454243471,"DCSMM sous-région Méditerranée-Occidentale","113 - Giens - Estérel","FRDC07F - Pointe du Gaou - Pointe Escampobariou",RINBIO,
39097006,"111-P-127 - 20C - ile plane",111-P-127,43.1894828898,5.3862423735,"DCSMM sous-région Méditerranée-Occidentale","111 - Marseille et calanques","FRDC07A - iles de Marseille hors Frioul",RINBIO,
60004050,"122-P-120 - Figari-Bruzzi DC",122-P-120,41.4638000402334,9.00800040233352,"DCSMM sous-région Méditerranée-Occidentale","122 - Corse Ouest","FREC03EG - Littoral Sud Ouest de la Corse","REBENT_FAU,RINBIO",
39096011,"111-P-018 - 19D - Les goudes",111-P-018,43.2266499384,5.3425741746,"DCSMM sous-région Méditerranée-Occidentale","111 - Marseille et calanques","FRDC06B - Pointe d'Endoume - Cap Croisette et Iles du Frioul",RINBIO,
43116007,"121-P-006 - Pointe Sant'Amanza",121-P-006,41.4291662087,9.2658331823,"DCSMM sous-région Méditerranée-Occidentale","121 - Porto Vecchio","FREC03AD - Littoral Sud Est de la Corse",RINBIO,
37088019,"102-P-022 - 10A0 - Frontignan",102-P-022,43.4089718253,3.7595397167,"DCSMM sous-région Méditerranée-Occidentale","102 - Côte languedocienne","FRDC02F - Frontignan - Pointe de l'Espiguette",RINBIO,
40106511,"113-P-065 - Argens 11",113-P-065,43.4073337458,6.7422658709,"DCSMM sous-région Méditerranée-Occidentale","113 - Giens - Estérel","FRDC08C - Fréjus - Saint Raphaël - Ouest Sainte Maxime",RINBIO,
41110001,"114-P-114 - 30A - Menton",114-P-114,43.7555150566,7.4867750884,"DCSMM sous-région Méditerranée-Occidentale","114 - Cannes - Menton","FRDC10C - Monte Carlo- Frontière italienne",RINBIO,
60004938,"113-P-094 - Cavalaire Rejet STEP",113-P-094,43.177731,6.560396,"DCSMM sous-région Méditerranée-Occidentale","113 - Giens - Estérel","FRDC07J - Cap Bénat - Cap Camarat",RINBIO,
37087001,"104-P-001 - Bouzigues (a)",104-P-001,43.434851,3.664119,,"104 - Etang de Thau","FRDT10 - Etang de Thau","REMI,REPHY,REPHYTOX,RINBIO","Crassostrea gigas (huître creuse);Mytilus galloprovincialis (moule méditerranéenne);Ruditapes decussatus (palourde grise)"
38094018,"109-P-016 - 16C - Carteau",109-P-016,43.38281552,4.8792288294,"DCSMM sous-région Méditerranée-Occidentale","109 - Golfe de Fos","FRDC04 - Golfe de Fos",RINBIO,
36081020,"095-P-020 - 07C - Agde",095-P-020,43.265965536,3.4310360086,"DCSMM sous-région Méditerranée-Occidentale","095 - Littoral de l'embouchure du Tech au Grau d'Agde","FRDC02B - Embouchure de l'Aude - Cap d'Agde",RINBIO,
43114001,"118-P-001 - Diana centre",118-P-001,42.12775,9.52861,,"118 - Etang de Diana","FRET02 - Etang de Diana","REMI,REPHY,REPHYTOX,RINBIO,ROCCHSED,RSLHYD","Crassostrea gigas (huître creuse);Mytilus galloprovincialis (moule méditerranéenne);Ostrea edulis (huître plate)"
60004932,"094-P-033 - Banyuls Rejet STEP",094-P-033,42.4786099376383,3.1489509153088,"DCSMM sous-région Méditerranée-Occidentale","094 - Côte catalane","FRDC01 - Frontière espagnole - Racou Plage",RINBIO,
42118001,"122-P-077 - 46A - Porto",122-P-077,42.2899938164,8.6659907853,"DCSMM sous-région Méditerranée-Occidentale","122 - Corse Ouest","FREC04AC - Pointe Senetosa - Pointe Palazzu",RINBIO,
41110003,"114-P-116 - 30C - Cap d ail",114-P-116,43.7131800495,7.408440874,"DCSMM sous-région Méditerranée-Occidentale","114 - Cannes - Menton","FRDC10A - Cap Ferrat - Cap d'Ail",RINBIO,
37090002,"105-P-069 - 12B - Etang de l or",105-P-069,43.5641440664,3.9865412594,,"105 - Etangs Palavasiens","FRDT11A - Etang de l'Or",RINBIO,
39096008,"111-P-015 - 18A - Carry",111-P-015,43.3220002361,5.1591671497,"DCSMM sous-région Méditerranée-Occidentale","111 - Marseille et calanques","FRDC05 - Côte Bleue",RINBIO,
60004740,"110-P-119 - 17G - Etang de Berre La Mede",110-P-119,43.4062804264736,5.11767954133978,,"110 - Etangs de Berre - Vaine - Bolmon","FRDT15A - Etang de Berre Grand Etang",RINBIO,
37089001,"105-P-151 - Etang du Prévost",105-P-151,43.521401,3.909704,"DCSMM sous-région Méditerranée-Occidentale","105 - Etangs Palavasiens","FRDT11B - Etangs Palavasiens Est","REMI,REPHY,RINBIO,ROCCHMV","Crassostrea gigas (huître creuse);Mytilus galloprovincialis (moule méditerranéenne);Ruditapes decussatus (palourde grise)"
60004945,"102-P-123 - Sete Rejet STEP",102-P-123,43.3716254274794,3.78055924361294,"DCSMM sous-région Méditerranée-Occidentale","102 - Côte languedocienne",,RINBIO,
36084313,"098-P-014 - LAP - La Palme",098-P-014,42.9667883871,3.0067000625,,"098 - Etang de La Palme","FRDT03 - Etang de La Palme","REPHY,RINBIO,RSLHYD",
43113004,"117-P-004 - 34C - Tavignano",117-P-004,42.1269982365,9.568512104,"DCSMM sous-région Méditerranée-Occidentale","117 - Plaine Orientale","FREC02D - Plaine Orientale",RINBIO,
37091003,"106-P-001 - 13A - Etang du Ponant",106-P-001,43.564645344,4.1153771062,"DCSMM sous-région Méditerranée-Occidentale","106 - Côte camarguaise","FRDT12 - Etang du Ponant",RINBIO,
60006150,"114-P-182 - Débouché Var",114-P-182,43.653495,7.196147,"DCSMM sous-région Méditerranée-Occidentale","114 - Cannes - Menton","FRDC09B - Port Antibes - Port de commerce de Nice",RINBIO,
42118004,"122-P-080 - 45B - Cargese",122-P-080,42.1446565504,8.5659910364,"DCSMM sous-région Méditerranée-Occidentale","122 - Corse Ouest","FREC04AC - Pointe Senetosa - Pointe Palazzu",RINBIO,
36085006,"100-P-007 - 06A - Etang de bages sud",100-P-007,43.0492901967,3.0156987163,,"100 - Etangs narbonnais","FRDT04 - Complexe du Narbonnais Bages - Sigean",RINBIO,
60006430,"115-P-037 - Bastia Rejet STEP",115-P-037,42.671308,9.46428,"DCSMM sous-région Méditerranée-Occidentale","115 - Cap Corse - Bastia","FREC02C - Littoral Bastiais",RINBIO,
60004330,"119-P-027 - Etang d'Urbino - Albarettu",119-P-027,42.04811,9.47225,,"119 - Etang d'Urbino","FRET03 - Etang d'Urbino","RINBIO,ROCCHMV","Crassostrea gigas (huître creuse)"
60004950,"111-P-351 - Cassidaigne Ouest",111-P-351,43.1053138201569,5.44966908066786,"DCSMM sous-région Méditerranée-Occidentale","111 - Marseille et calanques",,RINBIO,
60000298,"111-P-290 - Marseille Cortiou Rejet STEP",111-P-290,43.2128203580768,5.40356970428485,"DCSMM sous-région Méditerranée-Occidentale","111 - Marseille et calanques","FRDC07A - iles de Marseille hors Frioul",RINBIO,
43114007,"118-P-004 - 35A - Etang de diana",118-P-004,42.1319980705,9.5370113685,,"118 - Etang de Diana","FRET02 - Etang de Diana",RINBIO,
36081014,"095-P-014 - 02A0 - Argeles",095-P-014,42.5667807375,3.0667084661,"DCSMM sous-région Méditerranée-Occidentale","095 - Littoral de l'embouchure du Tech au Grau d'Agde","FRDC02A - Racou Plage - Embouchure de l'Aude",RINBIO,
42119006,"122-P-101 - 50A - St florent",122-P-101,42.7028415177,9.298330674,"DCSMM sous-région Méditerranée-Occidentale","122 - Corse Ouest","FREC01C - Golfe de Saint-Florent",RINBIO,
36081018,"095-P-018 - 07A - Port la nouvelle",095-P-018,42.9889562313,3.0790343668,"DCSMM sous-région Méditerranée-Occidentale","095 - Littoral de l'embouchure du Tech au Grau d'Agde",,RINBIO,
43114008,"119-P-003 - 36A - Etang d urbino",119-P-003,42.0469957841,9.4790114786,,"119 - Etang d'Urbino","FRET03 - Etang d'Urbino",RINBIO,
36081011,"095-P-011 - 07D - Valras 1",095-P-011,43.223629788,3.2775338389,"DCSMM sous-région Méditerranée-Occidentale","095 - Littoral de l'embouchure du Tech au Grau d'Agde","FRDC02B - Embouchure de l'Aude - Cap d'Agde",RINBIO,
43116005,"121-P-004 - 40A03 - Santa manza 2",121-P-004,41.4573152605,9.2830164443,"DCSMM sous-région Méditerranée-Occidentale","121 - Porto Vecchio","FREC03AD - Littoral Sud Est de la Corse",RINBIO,
60004739,"110-P-118 - 17F - Etang de Berre Ranquet",110-P-118,43.4793703480185,5.00561959364313,,"110 - Etangs de Berre - Vaine - Bolmon","FRDT15A - Etang de Berre Grand Etang",RINBIO,
40103005,"113-P-009 - 23H - ile levant",113-P-009,43.0518240407,6.5299344186,"DCSMM sous-région Méditerranée-Occidentale","113 - Giens - Estérel","FRDC07H - Ile d'Hyères",RINBIO,
36086004,"099-P-002 - 06C - Etang de l ayrolle",099-P-002,43.0726245005,3.0643658811,,"099 - Etang de l'Ayrolle","FRDT05A - Complexe du Narbonnais Ayrolle",RINBIO,
37089014,"105-P-007 - 12G - Etang d Arnel 2",105-P-007,43.5303092049,3.9055403064,,"105 - Etangs Palavasiens","FRDT11B - Etangs Palavasiens Est",RINBIO,
36085005,"100-P-006 - 06B - Etang de bages nord",100-P-006,43.0776240135,3.0046979839,,"100 - Etangs narbonnais","FRDT04 - Complexe du Narbonnais Bages - Sigean",RINBIO,
42119008,"122-P-103 - 50D - Ometa di capo corso",122-P-103,42.7583428847,9.3171635089,"DCSMM sous-région Méditerranée-Occidentale","122 - Corse Ouest","FREC01AB - Pointe Palazzu - Sud Nonza",RINBIO,
43111001,"115-P-003 - 31B - Meria",115-P-003,42.9136810567,9.4833311658,"DCSMM sous-région Méditerranée-Occidentale","115 - Cap Corse - Bastia","FREC02AB - Cap Est de la Corse",RINBIO,
41109010,"114-P-062 - 29A - Antibes",114-P-062,43.581841313,7.141437663,"DCSMM sous-région Méditerranée-Occidentale","114 - Cannes - Menton","FRDC09B - Port Antibes - Port de commerce de Nice",RINBIO,
40102001,"113-P-003 - 23F - Porquerolles",113-P-003,43.0176540627,6.2537627685,"DCSMM sous-région Méditerranée-Occidentale","113 - Giens - Estérel","FRDC07H - Ile d'Hyères",RINBIO,
38094016,"109-P-014 - 15B - Emb. rhône",109-P-014,43.3333128825,4.7167265159,"DCSMM sous-région Méditerranée-Occidentale","109 - Golfe de Fos","FRDT21 - Delta du Rhône","RINBIO,ROCCHSED",
39096007,"111-P-014 - 19A - Marseille nord",111-P-014,43.3444851473,5.2730706784,"DCSMM sous-région Méditerranée-Occidentale","111 - Marseille et calanques","FRDC05 - Côte Bleue",RINBIO,
40106001,"113-P-052 - 27A - Frejus ouest",113-P-052,43.3859998763,6.7349327623,"DCSMM sous-région Méditerranée-Occidentale","113 - Giens - Estérel","FRDC08A - Cap Camarat - Ouest Fréjus",RINBIO,
38095006,"110-P-007 - 17A - Etang de berre 1",110-P-007,43.4728189595,5.0337302599,,"110 - Etangs de Berre - Vaine - Bolmon","FRDT15A - Etang de Berre Grand Etang",RINBIO,
43113003,"117-P-003 - 34A - Alistro",117-P-003,42.2625011414,9.5731767558,"DCSMM sous-région Méditerranée-Occidentale","117 - Plaine Orientale","FREC02D - Plaine Orientale",RINBIO,
41110502,"114-P-126 - Monaco est",114-P-126,43.7440144021,7.4439410677,,"114 - Cannes - Menton","FRDC10C - Monte Carlo- Frontière italienne",RINBIO,
60004951,"111-P-352 - Cassidaigne Est",111-P-352,43.1234731442366,5.51852243009455,"DCSMM sous-région Méditerranée-Occidentale","111 - Marseille et calanques",,RINBIO,
37089381,"105-P-062 - PBE - Pierre-Blanche Est",105-P-062,43.5063083542,3.8717067595,"DCSMM sous-région Méditerranée-Occidentale","105 - Etangs Palavasiens","FRDT11C - Etangs Palavasiens Ouest",RINBIO,
60004077,"114-P-165 - Rade villefranche DC",114-P-165,43.6930004023335,7.31099979883322,"DCSMM sous-région Méditerranée-Occidentale","114 - Cannes - Menton","FRDC09D - Rade de Villefranche","REBENT_FAU,RINBIO",
36081015,"095-P-015 - 07E - Valras 2",095-P-015,43.2526314505,3.3835353404,"DCSMM sous-région Méditerranée-Occidentale","095 - Littoral de l'embouchure du Tech au Grau d'Agde",,RINBIO,
42117007,"122-P-007 - 42A - Figari",122-P-007,41.4546465886,9.0553451392,"DCSMM sous-région Méditerranée-Occidentale","122 - Corse Ouest","FREC03EG - Littoral Sud Ouest de la Corse",RINBIO,
38094017,"109-P-015 - 16B - Ponteau",109-P-015,43.3556494982,5.0068985188,"DCSMM sous-région Méditerranée-Occidentale","109 - Golfe de Fos","FRDC04 - Golfe de Fos",RINBIO,
60004736,"102-P-120 - 07G - Cap Agde Sud",102-P-120,43.2464302957152,3.50248038624019,"DCSMM sous-région Méditerranée-Occidentale","102 - Côte languedocienne","FRDC02C - Cap d'Agde",RINBIO,
40106002,"113-P-053 - 27C - Argens",113-P-053,43.4051670409,6.7432659294,"DCSMM sous-région Méditerranée-Occidentale","113 - Giens - Estérel","FRDC08C - Fréjus - Saint Raphaël - Ouest Sainte Maxime",RINBIO,
42118002,"122-P-078 - 48A - Calvi",122-P-078,42.5825011791,8.7959887826,"DCSMM sous-région Méditerranée-Occidentale","122 - Corse Ouest","FREC01AB - Pointe Palazzu - Sud Nonza",RINBIO,
37088017,"102-P-020 - 10B - Grau du roi",102-P-020,43.5178108379,4.0990443218,"DCSMM sous-région Méditerranée-Occidentale","102 - Côte languedocienne","FRDC02F - Frontignan - Pointe de l'Espiguette",RINBIO,
41109008,"114-P-060 - 29C0 - Nice",114-P-060,43.6786776675,7.2347712181,"DCSMM sous-région Méditerranée-Occidentale","114 - Cannes - Menton","FRDC09B - Port Antibes - Port de commerce de Nice",RINBIO,
40104002,"113-P-021 - 25A - Pampelone",113-P-021,43.2311626336,6.6781009775,"DCSMM sous-région Méditerranée-Occidentale","113 - Giens - Estérel","FRDC08A - Cap Camarat - Ouest Fréjus",RINBIO,
36085334,"100-P-045 - BGM - Bages Milieu",100-P-045,43.0777906919,3.0055313301,,"100 - Etangs narbonnais","FRDT04 - Complexe du Narbonnais Bages - Sigean",RINBIO,
60004067,"113-P-086 - Ile Levant Sud DC",113-P-086,43.0030999798833,6.44119995976664,"DCSMM sous-région Méditerranée-Occidentale","113 - Giens - Estérel","FRDC07H - Ile d'Hyères","REBENT_FAU,RINBIO",
60004735,"101-P-012 - Etang du Grazel Centre",101-P-012,43.1111003822168,3.1121001810501,,"101 - Etangs gruissanais","FRDT06B - Complexe du Narbonnais Grazel - Mateille",RINBIO,
36083016,"097-P-014 - 04C - Anse roquette",097-P-014,42.8382852212,2.9560347851,,"097 - Etang de Salses-Leucate","FRDT02 - Salses-Leucate",RINBIO,
40103002,"113-P-006 - 23B - Hyeres ouest 1",113-P-006,43.1071555095,6.2029268519,"DCSMM sous-région Méditerranée-Occidentale","113 - Giens - Estérel","FRDC07I - Cap de l'Estérel - Cap de Brégançon",RINBIO,
37088015,"102-P-018 - 10A - Aresquiers",102-P-018,43.4383067708,3.8593744484,"DCSMM sous-région Méditerranée-Occidentale","102 - Côte languedocienne",,RINBIO,
60004939,"113-P-095 - Frejus Rejet STEP",113-P-095,43.398798,6.747308,"DCSMM sous-région Méditerranée-Occidentale","113 - Giens - Estérel","FRDC08C - Fréjus - Saint Raphaël - Ouest Sainte Maxime",RINBIO,
36085335,"100-P-046 - BGS - Bages Sud",100-P-046,43.0509568999,3.0158653554,,"100 - Etangs narbonnais","FRDT04 - Complexe du Narbonnais Bages - Sigean","REPHY,RINBIO,RSLHYD",
40103003,"113-P-007 - 23B03 - Hyeres est",113-P-007,43.1063225176,6.2412609726,"DCSMM sous-région Méditerranée-Occidentale","113 - Giens - Estérel","FRDC07I - Cap de l'Estérel - Cap de Brégançon",RINBIO,
40104001,"113-P-020 - 24B - Cavalaire",113-P-020,43.1689933768,6.5449326882,"DCSMM sous-région Méditerranée-Occidentale","113 - Giens - Estérel","FRDC07J - Cap Bénat - Cap Camarat",RINBIO,
38095007,"110-P-008 - 17B - Etang de berre 2",110-P-008,43.4374863135,5.1847339067,,"110 - Etangs de Berre - Vaine - Bolmon","FRDT15A - Etang de Berre Grand Etang",RINBIO,
36080004,"094-P-004 - 01B - Port Vendres",094-P-004,42.5219470186,3.1205436229,"DCSMM sous-région Méditerranée-Occidentale","094 - Côte catalane","FRDC01 - Frontière espagnole - Racou Plage",RINBIO,
37088016,"102-P-019 - 08B - Sete 1",102-P-019,43.3458026027,3.6372051806,"DCSMM sous-région Méditerranée-Occidentale","102 - Côte languedocienne",,RINBIO,
36081017,"095-P-017 - 07F - Aude",095-P-017,43.2037957668,3.2503670178,"DCSMM sous-région Méditerranée-Occidentale","095 - Littoral de l'embouchure du Tech au Grau d'Agde","FRDC02B - Embouchure de l'Aude - Cap d'Agde","RINBIO,ROCCHSED",
60004741,"110-P-120 - 17C - Etang de Berre Sud",110-P-120,43.4150995775498,5.06260008046669,,"110 - Etangs de Berre - Vaine - Bolmon","FRDT15A - Etang de Berre Grand Etang",RINBIO,
38094015,"109-P-013 - 16D - Port de bouc",109-P-013,43.3799827994,4.9490635979,"DCSMM sous-région Méditerranée-Occidentale","109 - Golfe de Fos","FRDC04 - Golfe de Fos",RINBIO,
42118006,"122-P-082 - 48C - Revelata",122-P-082,42.5481663239,8.7068208176,"DCSMM sous-région Méditerranée-Occidentale","122 - Corse Ouest","FREC01AB - Pointe Palazzu - Sud Nonza",RINBIO,
43116002,"117-P-024 - 38A - cavu",117-P-024,41.6989879385,9.4076820156,"DCSMM sous-région Méditerranée-Occidentale","117 - Plaine Orientale","FREC02D - Plaine Orientale",RINBIO,
60004935,"122-P-147 - Calvi Rejet STEP",122-P-147,42.57678,8.75763,"DCSMM sous-région Méditerranée-Occidentale","122 - Corse Ouest","FREC01AB - Pointe Palazzu - Sud Nonza",RINBIO,
60002961,"114-P-158 - 29E - Antibes sud",114-P-158,43.5606165761416,7.14415007040836,"DCSMM sous-région Méditerranée-Occidentale","114 - Cannes - Menton","FRDC09A - Cap d'Antibes - Sud port Antibes",RINBIO,
41109012,"114-P-064 - 29F - Nice ville",114-P-064,43.6925116115,7.2672716464,"DCSMM sous-région Méditerranée-Occidentale","114 - Cannes - Menton","FRDC09B - Port Antibes - Port de commerce de Nice",RINBIO,
42117004,"122-P-004 - 44B - Ajaccio nord",122-P-004,41.9051527162,8.6971641759,"DCSMM sous-région Méditerranée-Occidentale","122 - Corse Ouest","FREC04B - Golfe d'Ajaccio",RINBIO,
36081021,"095-P-021 - 07B - Fleury",095-P-021,43.1809618594,3.2410339278,"DCSMM sous-région Méditerranée-Occidentale","095 - Littoral de l'embouchure du Tech au Grau d'Agde",,RINBIO,
43113005,"117-P-005 - 34B - Fium orbo",117-P-005,41.9669939821,9.4641790744,"DCSMM sous-région Méditerranée-Occidentale","117 - Plaine Orientale",,RINBIO,
60003361,"110-P-115 - BER-Berre",110-P-115,43.4325005029169,5.11269965801651,,"110 - Etangs de Berre - Vaine - Bolmon","FRDT15A - Etang de Berre Grand Etang","REPHY,RINBIO,RSLHYD",
42117008,"122-P-008 - 41A0 - Bonifacio",122-P-008,41.3946459295,9.1201807113,"DCSMM sous-région Méditerranée-Occidentale","122 - Corse Ouest","FREC03EG - Littoral Sud Ouest de la Corse",RINBIO,
60006793,"114-P-197 - Golfe Juan Emissaire STEP",114-P-197,43.5473838261919,7.08345001005833,"DCSMM sous-région Méditerranée-Occidentale","114 - Cannes - Menton","FRDC08E - Pointe de la Galère - Cap d'Antibes",RINBIO,
60004742,"114-P-174 - Monaco Sud - Cap d'Ail",114-P-174,43.7195001005834,7.42230034198352,,"114 - Cannes - Menton","FRDC10A - Cap Ferrat - Cap d'Ail",RINBIO,
60004946,"113-P-097 - Saint Tropez Rejet STEP",113-P-097,43.2753490243412,6.64419734459867,"DCSMM sous-région Méditerranée-Occidentale","113 - Giens - Estérel","FRDC08B - Ouest Fréjus - Saint Raphaël",RINBIO,
43116003,"121-P-002 - 39A - porto vecchio",121-P-002,41.6046520564,9.3363486442,"DCSMM sous-région Méditerranée-Occidentale","121 - Porto Vecchio","FREC03AD - Littoral Sud Est de la Corse",RINBIO,
42119001,"122-P-097 - 31A - Pino",122-P-097,42.8900124497,9.3209947918,"DCSMM sous-région Méditerranée-Occidentale","122 - Corse Ouest","FREC01D - Canari",RINBIO,
36081010,"095-P-010 - 02A - St cyprien",095-P-010,42.621615086,3.0560406107,"DCSMM sous-région Méditerranée-Occidentale","095 - Littoral de l'embouchure du Tech au Grau d'Agde","FRDC02A - Racou Plage - Embouchure de l'Aude",RINBIO,
60006791,"114-P-195 - Golfe Juan - Pneus",114-P-195,43.550116676725,7.07071715952526,"DCSMM sous-région Méditerranée-Occidentale","114 - Cannes - Menton","FRDC08E - Pointe de la Galère - Cap d'Antibes",RINBIO,
40104003,"113-P-022 - 24A - Lavandou",113-P-022,43.1074904808,6.3770970276,"DCSMM sous-région Méditerranée-Occidentale","113 - Giens - Estérel","FRDC07J - Cap Bénat - Cap Camarat",RINBIO,
43113006,"117-P-006 - 34D - Solenzara",117-P-006,41.8788250757,9.4173461271,"DCSMM sous-région Méditerranée-Occidentale","117 - Plaine Orientale","FREC02D - Plaine Orientale",RINBIO,
36083374,"097-P-091 - LEN - Leucate Nord",097-P-091,42.8832867504,3.0165351123,,"097 - Etang de Salses-Leucate","FRDT02 - Salses-Leucate","REPHY,RINBIO,RSLHYD",
37089005,"105-P-003 - 11B - Etang du prevost",105-P-003,43.5198089965,3.9073738709,"DCSMM sous-région Méditerranée-Occidentale","105 - Etangs Palavasiens",,RINBIO,
42117002,"122-P-002 - Pianotolli",122-P-002,41.4656468575,9.0606784149,"DCSMM sous-région Méditerranée-Occidentale","122 - Corse Ouest","FREC03EG - Littoral Sud Ouest de la Corse",RINBIO,
60004952,"111-P-353 - Cassidaigne Nord",111-P-353,43.1455481794408,5.49927278213639,"DCSMM sous-région Méditerranée-Occidentale","111 - Marseille et calanques","FRDC07B - Cap croisette - Bec de l'Aigle",RINBIO,
39096012,"111-P-019 - 19E - Huveaume",111-P-019,43.2539839682,5.3539072452,"DCSMM sous-région Méditerranée-Occidentale","111 - Marseille et calanques","FRDC06B - Pointe d'Endoume - Cap Croisette et Iles du Frioul",RINBIO,
42118003,"122-P-079 - 47A - Galeria",122-P-079,42.4423302041,8.6466546102,"DCSMM sous-région Méditerranée-Occidentale","122 - Corse Ouest","FREC01AB - Pointe Palazzu - Sud Nonza",RINBIO,
39098001,"111-P-217 - 21A - La ciotat 1",111-P-217,43.1784849336,5.6259140166,"DCSMM sous-région Méditerranée-Occidentale","111 - Marseille et calanques","FRDC07C - Bec de l'Aigle -  Pointe de la Fauconnière",RINBIO,
40105002,"113-P-034 - 26B - Les issambres",113-P-034,43.3418321325,6.7230999615,"DCSMM sous-région Méditerranée-Occidentale","113 - Giens - Estérel","FRDC08A - Cap Camarat - Ouest Fréjus",RINBIO,
40100014,"112-P-013 - 22D - Ste marguerite",112-P-013,43.0919865594,5.9945895931,"DCSMM sous-région Méditerranée-Occidentale","112 - Rade de Toulon","FRDC07G - Cap Cepet - Cap de Carqueiranne",RINBIO,
36081016,"095-P-016 - 02D - Tet 1",095-P-016,42.7154502906,3.0507054812,"DCSMM sous-région Méditerranée-Occidentale","095 - Littoral de l'embouchure du Tech au Grau d'Agde","FRDC02A - Racou Plage - Embouchure de l'Aude","RINBIO,ROCCHSED",
39099003,"111-P-234 - 21E - ile embiez",111-P-234,43.0778338339,5.7378330309,"DCSMM sous-région Méditerranée-Occidentale","111 - Marseille et calanques","FRDC07E - Ilot Pierreplane -  Pointe du Gaou",RINBIO,
60004944,"111-P-349 - Sanary Rejet STEP",111-P-349,43.111308589821,5.75075236370952,"DCSMM sous-région Méditerranée-Occidentale","111 - Marseille et calanques","FRDC07E - Ilot Pierreplane -  Pointe du Gaou",RINBIO,
60004470,"114-P-168 - Monaco SM",114-P-168,43.7285,7.429833,,"114 - Cannes - Menton",,RINBIO,
40103001,"113-P-005 - 23C - Port cros",113-P-005,43.0149886108,6.3899322268,"DCSMM sous-région Méditerranée-Occidentale","113 - Giens - Estérel","FRDC07H - Ile d'Hyères",RINBIO,
41110002,"114-P-115 - 30B - Beaulieu",114-P-115,43.7073460048,7.3457730106,"DCSMM sous-région Méditerranée-Occidentale","114 - Cannes - Menton","FRDC10A - Cap Ferrat - Cap d'Ail",RINBIO,
37089011,"105-P-005 - 11F - Etang de Lapeyrade",105-P-005,43.4304721069,3.7413722982,,"105 - Etangs Palavasiens",,"RINBIO,ROCCHSED",
41109007,"114-P-059 - 29B - Apt Nice",114-P-059,43.6475101639,7.2194381172,"DCSMM sous-région Méditerranée-Occidentale","114 - Cannes - Menton","FRDC09B - Port Antibes - Port de commerce de Nice","REBENT_FAU,RINBIO",
60004933,"115-P-032 - Bastia Nord Rejet STEP",115-P-032,42.705921343794,9.46000201166768,"DCSMM sous-région Méditerranée-Occidentale","115 - Cap Corse - Bastia","FREC02C - Littoral Bastiais",RINBIO,
41107001,"114-P-001 - 27B - Frejus est",114-P-001,43.4221672533,6.9048322696,"DCSMM sous-région Méditerranée-Occidentale","114 - Cannes - Menton","FRDC08D - Saint Raphaël - Pointe de la Galère",RINBIO,
42119002,"115-P-001 - 31C - Centuri",115-P-001,42.9425138679,9.3518279217,"DCSMM sous-région Méditerranée-Occidentale","115 - Cap Corse - Bastia","FREC01E - Cap Ouest",RINBIO,
40100012,"112-P-011 - 22A - St mandrier",112-P-011,43.0683186991,5.9217552133,"DCSMM sous-région Méditerranée-Occidentale","112 - Rade de Toulon","FRDC07F - Pointe du Gaou - Pointe Escampobariou",RINBIO,
60006330,"122-P-153 - Ajaccio Gravone STEP",122-P-153,41.906767,8.785933,"DCSMM sous-région Méditerranée-Occidentale","122 - Corse Ouest","FREC04B - Golfe d'Ajaccio",RINBIO,
60006090,"113-P-136 - Gapeau",113-P-136,43.104779,6.195503,"DCSMM sous-région Méditerranée-Occidentale","113 - Giens - Estérel","FRDC07I - Cap de l'Estérel - Cap de Brégançon",RINBIO,
60004738,"110-P-117 - 17E - Etang de Berre Arc",110-P-117,43.5068497284249,5.10306980486823,,"110 - Etangs de Berre - Vaine - Bolmon","FRDT15A - Etang de Berre Grand Etang",RINBIO,
40100011,"112-P-010 - 22B - Toulon gde rade",112-P-010,43.0789992381,5.9546673528,"DCSMM sous-région Méditerranée-Occidentale","112 - Rade de Toulon","FRDC07G - Cap Cepet - Cap de Carqueiranne","REPHY,RINBIO",
36081013,"095-P-013 - 02B - Canet plage",095-P-013,42.7229505613,3.0625389032,"DCSMM sous-région Méditerranée-Occidentale","095 - Littoral de l'embouchure du Tech au Grau d'Agde","FRDC02A - Racou Plage - Embouchure de l'Aude",RINBIO,
37089371,"105-P-182 - PRE - Prévost Est",105-P-182,43.5291426247,3.9168738827,"DCSMM sous-région Méditerranée-Occidentale","105 - Etangs Palavasiens","FRDT11B - Etangs Palavasiens Est","REPHY,RINBIO,RSLHYD",
38093003,"106-P-012 - 15A - Stes maries",106-P-012,43.4409791133,4.4330522946,"DCSMM sous-région Méditerranée-Occidentale","106 - Côte camarguaise","FRDT21 - Delta du Rhône",RINBIO,
37088022,"102-P-025 - 10D - Montpellier émissaire STEP",102-P-025,43.4339743867,3.9653765948,"DCSMM sous-région Méditerranée-Occidentale","102 - Côte languedocienne",,RINBIO,
40103004,"113-P-008 - 23G - Hyeres ouest 2",113-P-008,43.0906549263,6.1785933166,"DCSMM sous-région Méditerranée-Occidentale","113 - Giens - Estérel","FRDC07I - Cap de l'Estérel - Cap de Brégançon",RINBIO,
41108004,"114-P-006 - 28A0 - Cannes ouest",114-P-006,43.5015045075,6.9592686607,"DCSMM sous-région Méditerranée-Occidentale","114 - Cannes - Menton","FRDC08E - Pointe de la Galère - Cap d'Antibes",RINBIO,
60004936,"114-P-176 - Cannes Rejet STEP",114-P-176,43.531376,6.963557,"DCSMM sous-région Méditerranée-Occidentale","114 - Cannes - Menton","FRDC08E - Pointe de la Galère - Cap d'Antibes",RINBIO,
37088021,"102-P-024 - 08A - Marseillan",102-P-024,43.2893006468,3.5608714159,"DCSMM sous-région Méditerranée-Occidentale","102 - Côte languedocienne",,RINBIO,
36083002,"097-P-002 - Parc Leucate 2",097-P-002,42.8727865115,3.0143685963,,"097 - Etang de Salses-Leucate","FRDT02 - Salses-Leucate","REMI,REPHY,REPHYTOX,RINBIO,ROCCHMV","Crassostrea gigas (huître creuse);Mytilus galloprovincialis (moule méditerranéenne);Ruditapes decussatus (palourde grise)"
39096010,"111-P-017 - 19C - Marseille jetee",111-P-017,43.3376522026,5.3290719174,"DCSMM sous-région Méditerranée-Occidentale","111 - Marseille et calanques","FRDC06A - Petite Rade de Marseille",RINBIO,
38094019,"109-P-017 - 15C - Rhône",109-P-017,43.318980679,4.8655630493,"DCSMM sous-région Méditerranée-Occidentale","109 - Golfe de Fos","FRDC04 - Golfe de Fos",RINBIO,
40101001,"113-P-001 - 23A - Giens",113-P-001,43.0401529646,6.0850923172,"DCSMM sous-région Méditerranée-Occidentale","113 - Giens - Estérel","FRDC07F - Pointe du Gaou - Pointe Escampobariou",RINBIO,
60006790,"114-P-194 - Cap d'Antibes Sud",114-P-194,43.5418336350835,7.11871655602494,"DCSMM sous-région Méditerranée-Occidentale","114 - Cannes - Menton","FRDC08E - Pointe de la Galère - Cap d'Antibes",RINBIO,
60004029,"114-P-160 - Antibes nord DC",114-P-160,43.6130999798833,7.13509957754979,"DCSMM sous-région Méditerranée-Occidentale","114 - Cannes - Menton","FRDC09B - Port Antibes - Port de commerce de Nice","REBENT_FAU,RINBIO",
42117009,"122-P-009 - 43C - Sartene",122-P-009,41.5749801079,8.7933379323,"DCSMM sous-région Méditerranée-Occidentale","122 - Corse Ouest","FREC04AC - Pointe Senetosa - Pointe Palazzu",RINBIO,
